{
    "loss": 0.04183737188577652,
    "accuracy": 0.9842932224273682
}