{
    "loss": 0.09964603185653687,
    "accuracy": 0.9476439952850342
}