{
    "loss": 0.3591970205307007,
    "accuracy": 0.9109947681427002
}